"Palavra";"N"
"meet";1
"maintain";1
"makes";1
"manufacturer";1
"march";1
"marks";1
"masks";1
"materially";1
"meaning";1
"measure";1
"mail";1
"meets";1
"menu";1
"mere";1
"merging";1
"met";1
"methods";1
"might";1
"misrepresentation";1
"model";1
"licensee";1
"june";1
"kernel";1
"key";1
"keys";1
"knowledge";1
"larger";1
"lawsuit";1
"lesser";1
"lgpl";1
"moreover";1
"licensing";1
"likewise";1
"link";1
"linked";1
"linking";1
"litigation";1
"loss";1
"losses";1
"machine";1
"pattern";1
"outside";1
"own";1
"owned";1
"packaged";1
"packaging";1
"paper";1
"paragraphs";1
"pass";1
"password";1
"out";1
"payment";1
"peers";1
"performance";1
"permits";1
"perpetuity";1
"pertinent";1
"physically";1
"pieces";1
"please";1
"obligated";1
"nature";1
"neither";1
"next";1
"noncommercially";1
"nor";1
"normal";1
"notifies";1
"notify";1
"obligate";1
"itself";1
"occasionally";1
"occurring";1
"offered";1
"official";1
"operate";1
"operated";1
"operating";1
"options";1
"origin";1
"fsf";1
"fashion";1
"favor";1
"feature";1
"flow";1
"force";1
"format";1
"forms";1
"found";1
"freedoms";1
"family";1
"fulfilling";1
"full";1
"functioning";1
"fundamentally";1
"generally";1
"generate";1
"gives";1
"greatest";1
"guarantee";1
"expects";1
"excluded";1
"excluding";1
"exclusion";1
"exclusive";1
"excuse";1
"execute";1
"executing";1
"exercising";1
"expected";1
"gui";1
"explains";1
"expressed";1
"expressly";1
"extended";1
"extensions";1
"f";1
"fails";1
"failure";1
"fair";1
"instead";1
"incorporation";1
"indemnification";1
"independent";1
"indicate";1
"indicating";1
"industrial";1
"inform";1
"initiate";1
"inside";1
"incorporating";1
"intended";1
"intention";1
"interfered";1
"interpretation";1
"interpreter";1
"intimate";1
"invalidate";1
"irrevocable";1
"item";1
"implement";1
"had";1
"hereafter";1
"hope";1
"hosts";1
"household";1
"html";1
"hypothetical";1
"idea";1
"identifiable";1
"plus";1
"import";1
"importing";1
"inability";1
"inaccurate";1
"inc";1
"incidental";1
"inclusion";1
"incompatible";1
"sustained";1
"subject";1
"sublicenses";1
"sublicensing";1
"subroutine";1
"substantial";1
"sue";1
"suffice";1
"supports";1
"survive";1
"subdividing";1
"systematic";1
"take";1
"tangible";1
"tells";1
"terminal";1
"terminated";1
"terminates";1
"things";1
"though";1
"spirit";1
"short";1
"sign";1
"significant";1
"simultaneously";1
"sold";1
"sole";1
"spare";1
"speak";1
"specify";1
"threatened";1
"stand";1
"standards";1
"start";1
"starts";1
"state";1
"states";1
"status";1
"steps";1
"storage";1
"whom";1
"void";1
"volume";1
"waive";1
"waiver";1
"was";1
"welcome";1
"well";1
"were";1
"whatever";1
"visible";1
"whose";1
"why";1
"widely";1
"window";1
"wipo";1
"working";1
"worldwide";1
"years";1
"yourself";1
"two";1
"tools";1
"trade";1
"trademark";1
"trademarks";1
"transfer";1
"transferred";1
"transferring";1
"treated";1
"treaty";1
"shared";1
"typical";1
"unacceptable";1
"unlimited";1
"unnecessary";1
"unpacking";1
"until";1
"updates";1
"view";1
"violates";1
"qualify";1
"prohibits";1
"prominently";1
"propagating";1
"property";1
"protocols";1
"prove";1
"provisionally";1
"publicity";1
"pursuant";1
"programming";1
"quality";1
"read";1
"readable";1
"readily";1
"reading";1
"ready";1
"reason";1
"receipt";1
"receiving";1
"preferred";1
"pointer";1
"possesses";1
"possibility";1
"possible";1
"power";1
"practical";1
"preamble";1
"precise";1
"precisely";1
"recognized";1
"present";1
"presents";1
"preservation";1
"prevented";1
"primarily";1
"private";1
"procedures";1
"procuring";1
"programmer";1
"school";1
"return";1
"reviewing";1
"risk";1
"rom";1
"rules";1
"runs";1
"safest";1
"sake";1
"saying";1
"retains";1
"scope";1
"scripts";1
"secondarily";1
"sell";1
"semiconductor";1
"separable";1
"separate";1
"serves";1
"servicing";1
"repair";1
"referring";1
"refrain";1
"regard";1
"regenerate";1
"relationship";1
"remain";1
"removal";1
"render";1
"rendered";1
"ability";1
"represent";1
"requires";1
"resolved";1
"responsible";1
"restrict";1
"restricting";1
"result";1
"results";1
"article";1
"assets";1
"comply";1
"assert";1
"asking";1
"denominated";1
"denied";1
"definitions";1
"addressed";1
"defined";1
"defenses";1
"adopted";1
"adversely";1
"defective";1
"address";1
"deemed";1
"declining";1
"decide";1
"december";1
"computers";1
"concerning";1
"date";1
"concerns";1
"conditioned";1
"advised";1
"affects";1
"arising";1
"determining";1
"disclaim";1
"collect";1
"directions";1
"direction";1
"combination";1
"combine";1
"actual";1
"differently";1
"actually";1
"differ";1
"devices";1
"development";1
"develop";1
"danger";1
"commercial";1
"detail";1
"adapt";1
"common";1
"associated";1
"designated";1
"compilations";1
"compiler";1
"deprive";1
"denying";1
"deny";1
"compliance";1
"ancillary";1
"containing";1
"counterclaim";1
"content";1
"anti";1
"agree";1
"correction";1
"agreed";1
"copyrighted";1
"contents";1
"copyrightable";1
"context";1
"copyleft";1
"continued";1
"countries";1
"aim";1
"conveyance";1
"alleging";1
"contradict";1
"contrast";1
"among";1
"allow";1
"convenient";1
"although";1
"already";1
"alternative";1
"controlled";1
"appropriately";1
"arise";1
"affirmed";1
"affirms";1
"consequential";1
"consider";1
"considered";1
"customer";1
"conspicuously";1
"area";1
"approximates";1
"cure";1
"constantly";1
"about";1
"cross";1
"criterion";1
"constitutes";1
"construed";1
"covenant";1
"courts";1
"court";1
"contact";1
"course";1
"applied";1
"applications";1
"contain";1
"believe";1
"entered";1
"benefit";1
"absolute";1
"absolutely";1
"abuse";1
"below";1
"entirely";1
"dynamically";1
"dwelling";1
"cease";1
"effect";1
"attributions";1
"accessible";1
"attributed";1
"doubtful";1
"attempt";1
"erroneously";1
"changed";1
"accompanies";1
"behalf";1
"automatic";1
"body";1
"box";1
"electronic";1
"absence";1
"beyond";1
"brief";1
"employer";1
"enable";1
"business";1
"enables";1
"cessation";1
"end";1
"authorizing";1
"efforts";1
"between";1
"authorized";1
"authorization";1
"effective";1
"best";1
"effected";1
"distinguishing";1
"event";1
"circumstances";1
"basic";1
"distributing";1
"distributed";1
"across";1
"every";1
"actions";1
"because";1
"assumption";1
"ever";1
"exact";1
"activity";1
"civil";1
"displayed";1
"assume";1
"class";1
"disclaiming";1
"clear";1
"clearly";1
"closely";1
"choosing";1
"changing";1
"characterized";1
"according";1
"avoid";1
"documented";1
"achieve";1
"away";1
"assures";1
"acknowledges";1
"numbered";2
"remove";2
"subprograms";2
"being";2
"service";2
"responsibilities";2
"nothing";2
"respect";2
"supplement";2
"surrender";2
"substantially";2
"offering";2
"normally";2
"continue";2
"released";2
"restrictions";2
"occurs";2
"notwithstanding";2
"contains";2
"relevant";2
"relicensing";2
"relying";2
"number";2
"subsection";2
"contractual";2
"share";2
"proxy";2
"performing";2
"protection";2
"protecting";2
"similar";2
"attach";2
"prohibiting";2
"prohibit";2
"selling";2
"choose";2
"personal";2
"single";2
"assumptions";2
"produce";2
"communication";2
"commitment";2
"portion";2
"comes";2
"combined";2
"claim";2
"previous";2
"prevent";2
"practice";2
"consistent";2
"statement";2
"operation";2
"applies";2
"revised";2
"order";2
"organization";2
"organizations";2
"original";2
"authorizes";2
"our";2
"carry";2
"both";2
"case";2
"cases";2
"specifies";2
"paragraph";2
"specified";2
"cause";2
"sale";2
"publish";2
"publicly";2
"arrange";2
"computer";2
"knowingly";2
"interchange";2
"interest";2
"effectively";2
"type";2
"forbid";2
"definition";2
"transmission";2
"days";2
"kind";2
"within";2
"kinds";2
"know";2
"wish";2
"language";2
"laws";2
"least";2
"fixed";2
"fitness";2
"liable";2
"first";2
"after";2
"find";2
"finally";2
"licensees";2
"against";2
"imposed";2
"having";2
"warranties";2
"w";2
"acquired";2
"holders";2
"gratis";2
"displays";2
"display";2
"ways";2
"discriminatory";2
"implementation";2
"giving";2
"necessary";2
"directly";2
"domains";2
"useful";2
"individual";2
"downstream";2
"future";2
"individuals";2
"infringe";2
"durable";2
"e";2
"accept";2
"earlier";2
"modifies";2
"made";2
"embodied";2
"facilities";2
"three";2
"enforce";2
"enforcing";2
"ensure";2
"extend";2
"marked";2
"cost";2
"thus";2
"even";2
"express";2
"terminate";2
"explicitly";2
"mode";2
"entity";2
"merchantability";2
"termination";2
"year";2
"conveys";2
"names";2
"too";2
"customarily";2
"like";2
"limit";2
"limitation";2
"exceptions";2
"limited";2
"file";2
"writing";2
"line";2
"everyone";2
"coverage";2
"local";2
"exclusively";2
"modifying";2
"list";2
"sections";3
"grants";3
"governed";3
"see";3
"resulting";3
"needed";3
"proprietary";3
"document";3
"prominent";3
"protect";3
"executable";3
"essential";3
"restriction";3
"reinstated";3
"redistribute";3
"right";3
"receives";3
"royalty";3
"running";3
"follow";3
"refers";3
"following";3
"above";3
"called";3
"given";3
"cannot";3
"purposes";3
"remains";3
"published";3
"www";3
"satisfy";3
"whole";3
"provision";3
"equivalent";3
"accompanied";3
"option";3
"keep";3
"arrangement";3
"solely";3
"data";3
"specific";3
"specifically";3
"affero";3
"damages";3
"consequence";3
"libraries";3
"library";3
"licensed";3
"output";3
"standard";3
"limiting";3
"products";3
"long";3
"country";3
"manner";3
"could";3
"aggregate";3
"measures";3
"there";3
"agreement";3
"conveyed";3
"modifications";3
"technological";3
"allowed";3
"name";3
"support";3
"sure";3
"possession";3
"impose";3
"predecessor";3
"disclaimer";3
"uses";3
"included";3
"verbatim";3
"developers";3
"separately";3
"prior";3
"commands";3
"details";3
"problems";3
"infringement";3
"permit";3
"interaction";3
"intact";3
"installed";3
"interfaces";3
"added";3
"unmodified";3
"want";3
"compilation";3
"activities";3
"infringed";3
"term";4
"valid";4
"accord";4
"than";4
"then";4
"except";4
"therefore";4
"using";4
"anyone";4
"anything";4
"written";4
"through";4
"stating";4
"automatically";4
"what";4
"time";4
"author";4
"add";4
"acceptance";4
"special";4
"propagation";4
"implied";4
"get";4
"includes";4
"d";4
"peer";4
"different";4
"certain";4
"permanently";4
"licensors";4
"install";4
"installation";4
"permissive";4
"exercise";4
"interactive";4
"price";4
"entire";4
"claims";4
"requiring";4
"required";4
"copying";4
"consumer";4
"connection";4
"obligations";4
"files";4
"org";4
"others";4
"fee";4
"https";4
"place";5
"along";5
"system";5
"need";5
"stated";5
"shall";5
"most";5
"into";5
"component";5
"later";5
"whether";5
"permitted";5
"major";5
"where";5
"circumvention";5
"violation";5
"grant";5
"server";5
"example";5
"recipient";5
"distribute";5
"purpose";5
"regardless";5
"distribution";5
"same";5
"require";5
"provide";5
"change";5
"unless";5
"requirement";5
"requirements";5
"their";6
"access";6
"modification";6
"foundation";6
"medium";6
"they";6
"how";6
"been";6
"based";6
"control";6
"reasonable";6
"otherwise";6
"programs";6
"physical";6
"should";6
"show";6
"extent";6
"give";6
"designed";6
"patents";6
"include";6
"parts";6
"however";6
"transaction";7
"liability";7
"interface";7
"more";7
"we";7
"granted";7
"gpl";7
"way";7
"also";7
"when";7
"new";7
"some";7
"authors";7
"recipients";7
"without";7
"one";7
"would";7
"b";7
"c";8
"them";8
"only";8
"who";8
"further";8
"including";8
"run";8
"receive";8
"information";8
"appropriate";8
"received";8
"offer";8
"charge";8
"at";8
"making";8
"parties";8
"notice";8
"will";8
"network";8
"freedom";8
"propagate";9
"third";9
"licenses";9
"either";9
"users";9
"non";9
"applicable";9
"has";9
"available";9
"these";10
"its";10
"contributor";10
"permission";10
"particular";10
"part";10
"permissions";10
"holder";10
"each";10
"law";10
"form";11
"notices";11
"so";11
"legal";11
"party";12
"s";12
"used";12
"modify";12
"works";12
"modified";13
"can";13
"provided";13
"material";13
"does";13
"must";14
"those";14
"versions";14
"make";14
"conditions";14
"have";14
"copies";14
"apply";14
"additional";14
"warranty";15
"conveying";15
"user";15
"section";15
"but";16
"do";16
"no";17
"means";18
"rights";19
"free";20
"object";21
"such";21
"all";21
"which";21
"product";21
"gnu";22
"corresponding";23
"general";23
"patent";23
"use";24
"version";25
"copy";25
"public";25
"convey";26
"an";26
"software";27
"are";28
"from";29
"be";29
"copyright";30
"other";30
"on";31
"may";31
"terms";32
"code";34
"your";34
"as";38
"covered";41
"source";42
"by";43
"under";44
"with";45
"if";49
"any";50
"not";51
"it";52
"program";52
"is";70
"in";81
"for";86
"this";86
"that";91
"work";97
"and";98
"license";102
"you";128
"or";151
"a";184
"to";192
"of";221
"the";345
